label,Major,Minor,Seventh,Ninth
0.0,0.40937264227447423,0.36953308315900346,0.5101067482707192,0.5141572936809543
0.0,0.34258273848608156,0.3350974694144764,0.5393362770216112,0.584546567158241
0.0,0.50286677581241,0.45830706534183185,0.538524567271614,0.4892650769635264
0.0,0.36968809783913553,0.38528208084936477,0.8304705586073035,0.7136831479796264
0.0,0.4491742057172239,0.3931171965893879,0.399156605371213,0.4149039466216468
0.0,0.3696751208042192,0.34885570440961533,0.41028747556988093,0.44893796940994185
0.0,0.33311436898931945,0.293204655369634,0.44669915507792657,0.4533282943468065
0.0,0.36162833191829113,0.3257314680114815,0.502279212077186,0.4874508930477109
0.0,0.4054514812174914,0.40728521581474264,0.659076367413924,0.678733621180027
0.0,0.30541704036640205,0.26855817990322933,0.4094311823146029,0.46971030219722637
0.0,0.46926378851041006,0.39545768742929926,0.4216212211959066,0.4376310368219992
0.0,0.31473903217653487,0.31305331982379575,0.7300836424018369,0.7039137421725208
0.0,0.24883435964521528,0.23977224393575342,0.47167418564074326,0.4819898639844453
0.0,0.23427095321963193,0.22264997362465966,0.4992127977560492,0.4412772309479999
0.0,0.3109611877500078,0.30748477278392355,0.5510884307973036,0.5725508294437618
0.0,0.2704731351879637,0.2527128378146849,0.47729805242768664,0.45941410326552
0.0,0.2841859520579284,0.2743864710509955,0.5022677604807626,0.47419522776551326
0.0,0.29556923704299337,0.2957873905340257,0.5660390682251631,0.5100413143622402
0.0,0.2108785428489317,0.227255348230552,0.4500739580572222,0.47111247865341077
0.0,0.21795086748132533,0.20045802861663053,0.509952064562639,0.4258831937890443
0.0,0.29638964085160435,0.28820993703405845,0.45605746884305765,0.48140011328722904
0.0,0.28310622095975674,0.2915804171505604,0.5478222797963419,0.6548691809173883
0.0,0.32829922267023953,0.33060594876650884,0.4955561565491209,0.5391804414282295
0.0,0.33323462183098473,0.3062507347550868,0.4083210305175009,0.45076658939384057
0.0,0.21598248028437894,0.19930158544542548,0.47312287081434784,0.5130241795754157
0.0,0.3327122355426323,0.29102612205344713,0.44201206417503325,0.5468991306752637
0.0,0.22263009706251707,0.24588855381091568,0.5113402985147106,0.5439741873999611
0.0,0.3479260058121452,0.32229675617533726,0.48286021002488966,0.48868189274300583
0.0,0.25731354512223614,0.24439283579446971,0.4599783592649113,0.4776479326169869
0.0,0.2328860389309852,0.2200504435392383,0.4794228971666284,0.5476529954296134
0.0,0.2441543983761834,0.23884736983305926,0.515180470629088,0.474928893208889
0.0,0.24023395071546688,0.22481250202079042,0.4225926404035798,0.5180048028707812
0.0,0.2650019473281856,0.23136538460035103,0.5877666010299971,0.5394019585757759
0.0,0.2821920829628616,0.2597249578160378,0.47873918113682284,0.5076578782762879
0.0,0.24167333053996967,0.22512368791061643,0.48824037648727825,0.4698126478632275
0.0,0.28460945440304064,0.28896433747619654,0.5003916194758404,0.5032348240030226
0.0,0.219223514665858,0.21087002918676606,0.471200106063215,0.4063096714285553
0.0,0.21651286084305518,0.19979291802612414,0.4773841253645803,0.4556634569653218
0.0,0.24316126983823835,0.23759500951793366,0.5330320783183682,0.5074210091147408
0.0,0.28164788976469823,0.24837605337160104,0.5132762933652216,0.5078372415738595
0.0,0.4930328431466543,0.47271467009501655,0.5886015335128876,0.5893629827704674
0.0,0.48688345741575656,0.45011735383122853,0.603437335784138,0.6331258443941615
0.0,0.4156547394937633,0.3840990586936468,0.5930330058078019,0.6231545414751207
0.0,0.4761578789498936,0.4586473769903537,0.5796322929027163,0.6048253990440192
0.0,0.43902184286317036,0.42331022015009107,0.6126864262080208,0.6402653762619397
0.0,0.41440578322153654,0.4061414778994537,0.6986537555651199,0.707138269211449
0.0,0.39393464689366586,0.39032192508489233,0.605946241441155,0.6938652352724516
0.0,0.4375726017672149,0.38360841903297593,0.49062973355597234,0.557307879415442
0.0,0.47706825873160474,0.4414215912817213,0.5950115094405102,0.5781366763308835
0.0,0.25480974404102896,0.25263520201404865,0.4768249704575972,0.5100229988948077
0.0,0.44629430246411406,0.4248160644701122,0.6233887118899272,0.58755071634868
0.0,0.4551026082235905,0.4333537899304385,0.5377938512714744,0.5465260696250492
0.0,0.3388156672848357,0.3255955840291256,0.6158549572021219,0.6638726422501553
0.0,0.4961076792377602,0.458392305218266,0.6223399604163111,0.6145681134734636
0.0,0.5261913592941047,0.5204510139935873,0.657650191458835,0.6563632704706177
0.0,0.49891052267041586,0.49137445699897997,0.6221447681825564,0.6747201175112476
0.0,0.4852776249372865,0.4736836480595969,0.6329872972157166,0.699070942944479
0.0,0.49214569399914887,0.46420039316231165,0.640068998518392,0.6463521536702601
0.0,0.44103407929788474,0.41390750243351404,0.5382086244576185,0.5554294784719321
0.0,0.4765481837844016,0.45763491231847697,0.6212264667513296,0.654717279777399
0.0,0.5123920828982673,0.49706152610125276,0.6328539102476036,0.6524239372290628
0.0,0.5927023936060465,0.594680002042385,0.5960974945025599,0.6271182054375253
0.0,0.3861988164593857,0.3622161213365883,0.49942866519850415,0.5116095637120329
0.0,0.40976722485068,0.39893156970570903,0.5233778680110954,0.5136526411005836
0.0,0.47588754424787993,0.4515563832672736,0.4582896309188561,0.4726336405246407
0.0,0.39562305192187397,0.35769853819778397,0.44486991347539984,0.4507866552347418
0.0,0.4689274613149872,0.4552674875250763,0.5509638151088612,0.5470956037064567
0.0,0.41228271724084004,0.4057945491216137,0.4884432030068443,0.49894303902890136
0.0,0.4061518919167001,0.3901040342766857,0.43412938760371556,0.4490277022711654
0.0,0.3522443596359839,0.35105662766228385,0.42932816482871394,0.4991281843378547
0.0,0.39018318908548444,0.3685717833122308,0.46167531889082963,0.4770156113188736
0.0,0.45294059482926696,0.409723744740918,0.4146447828722931,0.41909149824203373
0.0,0.431443790508853,0.4057452273943086,0.5173165494940362,0.4640477161463398
0.0,0.44525681780052884,0.4444481106026343,0.5071814574147083,0.5167444666694597
0.0,0.46690426197512225,0.45998513639890637,0.5555708019753963,0.524691989918131
0.0,0.5584275805271441,0.5400802462685138,0.6708521975832271,0.6275240630935962
0.0,0.45264435924736374,0.43140502692423244,0.5862589414352442,0.671067472499892
0.0,0.49895228449395423,0.46898330203365857,0.6030088322327231,0.6215176004294819
0.0,0.5280244935672993,0.5063350213772664,0.6238228106399215,0.6029642627600662
0.0,0.6061835580079111,0.5509324899975652,0.6292072286597273,0.6014620121045294
0.0,0.5022424248432544,0.46294474684422443,0.5242430386530066,0.5499583648576036
0.0,0.5216987149355536,0.4952132854671809,0.5014481172053681,0.46277729505351184
0.0,0.43312339199596855,0.4134907141304862,0.4608274580235813,0.4951785206325129
0.0,0.5777136811958393,0.5178907815551557,0.6566664946415322,0.5990067874423588
0.0,0.5557944584999979,0.5546075895047067,0.5417626399663252,0.5299679073934036
0.0,0.3332694976314776,0.31217459326562896,0.5233347472027923,0.5355249435691058
0.0,0.33017515912906786,0.3326603934037031,0.6382899421609738,0.5981045828402487
0.0,0.3387029876476179,0.3273342350160605,0.5995564039885579,0.5418356176288526
0.0,0.3421497056404085,0.3315573145832887,0.6701488781588849,0.6306897154831093
0.0,0.2731817015842146,0.25529088535948247,0.62751755041929,0.7288689772933105
0.0,0.38052795886492247,0.3523597031362563,0.6197530304191258,0.6048285696420533
0.0,0.43477124943806555,0.41150936928319626,0.7501408516705843,0.7310360151695046
0.0,0.4031740160359717,0.3894410063771385,0.6521922751029726,0.6970716849672931
0.0,0.4099079951915524,0.40819641666022655,0.6796450857374838,0.7303598794605963
0.0,0.35035056940934106,0.33683747150331655,0.7589012648912331,0.7367573104115744
0.0,0.4000068455695374,0.3870235593263002,0.5949870569097427,0.5887463139620326
0.0,0.29749822414554034,0.29159695482192116,0.4513215173524373,0.45427865274841334
0.0,0.33365385715268103,0.3233454733394925,0.6454337867436393,0.6392119166509289
0.0,0.5737929465953636,0.5528818849792676,0.6772852017560269,0.6431796060151178
0.0,0.4599543443725497,0.45657270071404965,0.5471157845283728,0.5723333285041329
1.0,0.3216235672581702,0.31735055102908927,0.3669878584414248,0.38966020606101537
1.0,0.2846520070729396,0.27989247708992115,0.3208744633093301,0.30202080164489753
1.0,0.37010549741971105,0.3810099314910451,0.42037665979391153,0.3902675353561138
1.0,0.39238575428888656,0.33384919909102045,0.29150362064618535,0.3105248315672935
1.0,0.29401943104222006,0.2819914633193298,0.3392265345370401,0.32663001506617423
1.0,0.3539356999230523,0.34727861140685984,0.37661937102121784,0.41221808618520506
1.0,0.3574865970937779,0.34961907563726086,0.40183979640905104,0.3824315051158737
1.0,0.3795181590984478,0.33885935739275114,0.4341919393821673,0.44777001172312214
1.0,0.32575244196812825,0.3153224318487551,0.3733255369437125,0.41869249446393875
1.0,0.35822531252035117,0.3796762133921359,0.4263671850069851,0.3943395464789724
1.0,0.3240748764236502,0.307543173315531,0.354129605963179,0.3228798531277843
1.0,0.33671459279955235,0.29998473375899604,0.285831654716783,0.3644778813494338
1.0,0.3177108353936231,0.29882920915319117,0.34345021663638764,0.3362203863546851
1.0,0.37875811649821534,0.3233299498681006,0.32528506971437,0.3012443781430524
1.0,0.31881686761431244,0.2714539407134594,0.38365658145625536,0.37014252276103965
1.0,0.237404578862614,0.2653901785748839,0.3003230383979694,0.3466149395191555
1.0,0.23165463478774873,0.20981300498418226,0.33003973028220956,0.4036929780494589
1.0,0.3253683291227159,0.34356079416406937,0.3518065678216583,0.3804389116413223
1.0,0.2702436579237665,0.32579181019237025,0.3124637088066642,0.3172247718346544
1.0,0.37490646098202596,0.3551919765732053,0.40538726235661726,0.4012242423241478
1.0,0.4060580325449437,0.378119596835679,0.3610983200677684,0.35616260290949153
1.0,0.3741189379631401,0.3743753455024933,0.35828999939438266,0.43058732169672964
1.0,0.3713024324082295,0.3451919381231503,0.4001917805320297,0.3980010872920983
1.0,0.3258405701550835,0.3050309400616233,0.4364686347023498,0.47084297053459623
1.0,0.3488306667273101,0.3400084859319568,0.362028710337078,0.3753094116148763
1.0,0.3582518912852606,0.3917444969661825,0.4032880321601998,0.4385646458868717
1.0,0.3592715157216798,0.3351912508516632,0.32501235388085414,0.325685224030805
1.0,0.30166378924639947,0.30871401787433855,0.36177201068334097,0.36505183259805524
1.0,0.396936115887999,0.3551221071979802,0.3710509558342917,0.38645087915067944
1.0,0.3388632737614254,0.31646539936961393,0.3467307833876271,0.37969093145817157
1.0,0.3210788033628583,0.3326755271209335,0.49183391684412325,0.4720572277025445
1.0,0.30307721613622374,0.2923584741416724,0.5367761590868615,0.4999745395714832
1.0,0.4377542498026664,0.3410014665476664,0.39464405318999984,0.48167719677391146
1.0,0.4136154341108612,0.38493728360852686,0.5278328433575705,0.40791293183055444
1.0,0.3087562292220616,0.32298467128813224,0.4747174705700601,0.4680514119788899
1.0,0.3613612223346583,0.35701615788824664,0.5166001915784588,0.5266571119525569
1.0,0.26187354816604835,0.25741113725364934,0.4358169511593406,0.3741132462844938
1.0,0.3659647486035804,0.3289297380768854,0.44875596779283256,0.44832503043105687
1.0,0.37516331085444043,0.3615382773201784,0.5036563061340811,0.5310527186184726
1.0,0.2744235124524308,0.2758176355733799,0.42858056444065395,0.3984860830301149
1.0,0.27605362594967464,0.2608003548768686,0.4330345259217139,0.46122083784665924
1.0,0.3621690651320456,0.3499797635927534,0.5012153269833239,0.4298191598219333
1.0,0.4471352144592238,0.3928885105192613,0.2738417559768086,0.30213191899855474
1.0,0.2332843263442987,0.227344677889335,0.2890051310999944,0.305933606959693
1.0,0.3675595467107943,0.36729157817771435,0.3342869528769634,0.36565448925318883
1.0,0.29741862113074524,0.26333753471313226,0.37887590733025384,0.3460297292124984
1.0,0.5692847553833147,0.5383978976184542,0.4597018026169787,0.5201496639621179
1.0,0.3594414503060942,0.3492793982422452,0.35285852960573477,0.4025393563490297
1.0,0.435127666976022,0.3886922935844631,0.45634964722443394,0.5122056754571459
1.0,0.44287742862756496,0.4417807237935305,0.4843841509717789,0.4318715496627151
1.0,0.3927939195287171,0.36541494836477173,0.4326731593938147,0.44580606144234897
1.0,0.48575228309770113,0.4949870219439658,0.5561116427838252,0.7083647256787613
1.0,0.4941592133192019,0.4822398910448674,0.5666274065221525,0.667077190768605
1.0,0.5884265035571146,0.5055007244346363,0.4213263179702749,0.4302024527876008
1.0,nan,nan,nan,nan
1.0,0.1843767221074018,0.16792950456156988,0.2978014972338612,0.2726982022394927
1.0,0.5691903553102009,0.49637270686903606,0.38808760109378554,0.3923713725558699
1.0,0.34297445706383367,0.2929468432831739,0.3815406516023577,0.3789588254828343
1.0,0.3992519828915945,0.41335469027199084,0.363951751829794,0.3662492100156348
1.0,0.4324923856983924,0.39472292413454224,0.41375011743492934,0.4135386271796033
1.0,0.4857852730946203,0.45052426254471734,0.44104187766816544,0.4474475185337174
1.0,0.44892935258356415,0.43310691449147143,0.4173844154407146,0.3941048804143204
1.0,0.45030225584298467,0.4161671541948504,0.43913851875515864,0.5071501699091806
1.0,0.25610938458389276,0.2527091787202102,0.3725090118957289,0.33839794124005135
1.0,0.25294001172268077,0.2254410771394718,0.2988055009060181,0.31112499389700904
1.0,0.20135140167604632,0.19981403318220098,0.3196288175279429,0.37037914390979576
1.0,0.13658258497605813,0.15496163919715,0.30917686294969077,0.3342807291913492
1.0,0.3225934632460575,0.3673508793290351,0.37126654907739937,0.39158081704399217
1.0,0.39742374908795375,0.3571554283660049,0.3137963011735167,0.33942377574139276
1.0,0.3749634814623489,0.3492990563988305,0.30047647214590234,0.31983349604695477
1.0,0.34212132874890033,0.32463433169013944,0.40106089198187816,0.33918363718835465
1.0,0.2569925798184327,0.26598882766427573,0.3402283588523164,0.33546344551941293
1.0,0.40044651135538095,0.3872733901662402,0.4185648639220268,0.43704351638785177
1.0,0.28330796986959145,0.2817195789738125,0.34035028658594135,0.3331926756316182
1.0,0.3424354323828558,0.2707151708657379,0.370456707941994,0.3377227386031413
1.0,0.23927610407716932,0.2514587835985974,0.3240004306504033,0.37940244670577083
1.0,0.3685170725094618,0.3567255976378165,0.41315949824985726,0.36014657354948376
1.0,0.2063622851373632,0.26168850050970355,0.30612655921506804,0.3285490630113389
1.0,0.2668441445240427,0.24773844333371592,0.3562137143034498,0.33224746651693987
1.0,0.2038537545496827,0.19211263931027017,0.3617180436842663,0.3801683541615776
1.0,0.5230128855918736,0.5176298499644558,0.5623899927447058,0.6150033845248519
1.0,0.3567395708537596,0.34360639233009815,0.40647957621489683,0.43477957828172986
1.0,0.39378725826475525,0.39850152579447207,0.3858243588590016,0.4056437097832476
1.0,0.3759864083496325,0.3747723067842947,0.34850088826541403,0.35992698602660167
1.0,0.32553190968480195,0.34256022186222584,0.410843304507353,0.3854024286464924
1.0,0.43570950191182833,0.4488524037846765,0.456902042927709,0.5084811516204583
1.0,0.48366989626129775,0.4499877545073151,0.45333029314822176,0.4534311489867118
1.0,0.4194727894339489,0.36487854769329764,0.3954209522736245,0.4246699983944792
1.0,0.38808433123181535,0.3802119783870984,0.44172421418659846,0.4727099231564782
1.0,0.27386608854295663,0.23699979030714027,0.3826371864172684,0.2930034780006813
1.0,0.38025099504260584,0.3490635295722029,0.3182095951259162,0.21843587210611698
1.0,0.295304821619507,0.2757340832650784,0.3100023197948809,0.370655606710094
1.0,0.12148961160498607,0.12635777295621758,0.25727327790792925,0.3448146450482682
1.0,0.224970170404449,0.22375544252110874,0.3226800014144696,0.3999919948408778
1.0,0.4864003077797041,0.48705833939987164,0.5887379334153868,0.5459048340859116
1.0,0.38833040730910967,0.3661865243319317,0.31579466098115183,0.2483945329896504
1.0,0.45830541365339256,0.4159862802794059,0.43348799147041195,0.4218537292351776
1.0,0.2701884754451438,0.26228282940605685,0.29509991628241133,0.37784263037789967
1.0,0.4677986677278457,0.4066946384336574,0.3927989022086833,0.3905621719838091
1.0,0.4494977576724751,0.5002636390690478,0.4286423429370487,0.42787027513270864
2.0,0.5142627999465413,0.48565549697474447,0.693498253783224,0.6845508864067957
2.0,0.6020551982766633,0.5628399537222462,0.6571525007662993,0.6557306526220582
2.0,0.28800547237297147,0.25691902834653507,0.5514962459591242,0.5542554952989431
2.0,0.555804685669135,0.5041950794885632,0.5713598440929476,0.596442073265681
2.0,0.513106108394536,0.46164240922823707,0.6717484418912184,0.6377600331490283
2.0,0.548302503891565,0.5207751934474716,0.6590581544714853,0.6328412553470484
2.0,0.6434807259805455,0.590027232356906,0.6738235404866203,0.6500592048967943
2.0,0.5840738136481523,0.5619210866821485,0.74473503018916,0.7473660836603094
2.0,0.4609367201964337,0.44030537321209084,0.5794809539867083,0.5509608469241818
2.0,0.6227477260898373,0.5944696965045473,0.6948335579796541,0.6974623425470154
2.0,0.317286089424762,0.31661151261099274,0.4988411335575395,0.4864384676842235
2.0,0.3495307464877958,0.3257315091411554,0.5079872065518033,0.5443122535949179
2.0,0.39621994744591926,0.3582894281641166,0.49025125687502313,0.4763255042094738
2.0,0.45327701426430633,0.4313206985860317,0.5059508284252432,0.5914263506856571
2.0,0.4693773908754205,0.4288551335948615,0.5290078056098653,0.5674750000796687
2.0,0.47652942258356945,0.47523212960748384,0.5505828855514728,0.5379775885362871
2.0,0.5051678315501159,0.40112152115068556,0.4324431734210274,0.4158289105614057
2.0,0.5125992067395637,0.4911277892203121,0.4905717178725352,0.5290395722448705
2.0,0.5708594041551097,0.5211544878877002,0.530053382292722,0.5140893432630483
2.0,0.37258077345550467,0.3225457220354254,0.5306817646465275,0.5588711688623276
2.0,0.4562191182783569,0.40677675909573263,0.5801569640982265,0.561200848784755
2.0,0.3022656052339574,0.2736354915125039,0.49594240225613034,0.46423428699343144
2.0,0.35263868912763147,0.32673211284996007,0.45789104312073,0.5039277225543183
2.0,0.3047820136211022,0.28445755607231904,0.5915054425847952,0.6690047588848937
2.0,0.3706974458304053,0.3223790971397351,0.43035331347747596,0.4294846290123278
2.0,0.4579140886563495,0.4376038986541404,0.5679572508499737,0.4890583361797365
2.0,0.454770476128853,0.4231266653537309,0.5190761856339573,0.5528130352226026
2.0,0.5025443729820632,0.4293825172001117,0.5422785344959022,0.555551074149446
2.0,0.38840667480897245,0.356310613336028,0.5169913468184946,0.5112543568300916
2.0,0.385150568972227,0.3562396317377743,0.5159115257100519,0.4460855398809859
2.0,0.202896346660577,0.1866159128559673,0.3626886353660467,0.36432958703571094
2.0,0.4897337258590226,0.4326451139463317,0.5234028792333285,0.48569732264822313
2.0,0.4636599796784753,0.42721742342037755,0.5518268459943135,0.6449920148128045
2.0,0.39668971595159924,0.3573021781803726,0.4981384526305988,0.4234340044880044
2.0,0.48549998206303424,0.46560848047484615,0.5556421446622619,0.5575694798922685
2.0,0.5209748695168996,0.46850192311818517,0.5932135194783007,0.5163868621773209
2.0,0.453990351049854,0.39663709525317903,0.5548300660587357,0.5554631586983801
2.0,0.5185137800380993,0.4805948157416783,0.6007848324454848,0.5451825222229475
2.0,0.46483715509315743,0.4578490002473651,0.5643849961275836,0.5700733065879517
2.0,0.5712688610577219,0.5827292788508973,0.6364864806457377,0.661120344354582
2.0,0.48448525843487483,0.43318790421304265,0.49642006678103856,0.5533307932569692
2.0,0.5164955953104208,0.4900626648189989,0.6289482655419254,0.6355255759583471
2.0,0.46220038696450627,0.4409007837148532,0.5781503066091142,0.5676195473054806
2.0,0.5462520735321427,0.5269307967542854,0.5643007306382017,0.5298936542034756
2.0,0.5126507128090692,0.5006004961549871,0.5783277824807405,0.5973339778869604
2.0,0.42378237571043054,0.39672000226848403,0.47790728290340034,0.47978514336612144
2.0,0.4983784049758977,0.44916487541283956,0.6001839971066009,0.5738966560567523
2.0,0.442505367852322,0.3893038792094802,0.4569294483998727,0.5184227364031517
2.0,0.37802046230656766,0.3380717790342296,0.47897615233857227,0.4743286426680664
2.0,0.3999566357639527,0.39432075303058983,0.4757006983705848,0.45515212452597564
2.0,0.4718714257905259,0.4680581603495855,0.5588414066507433,0.585365863840595
2.0,0.2985998622761225,0.2806024934188592,0.4987341521388318,0.5208925489791132
2.0,0.36784558668618217,0.3453457032742223,0.6539191702589862,0.5848201051337694
2.0,0.524085350716302,0.5006555996428896,0.5519073035575002,0.5676230010656814
2.0,0.4114611819544499,0.3710049237393088,0.48252433877777023,0.5379019209832602
2.0,0.5003477015111657,0.5020232394552632,0.5572440823561423,0.5435923619839014
2.0,0.4433658478185999,0.3726727732512685,0.529764579624535,0.5750416127317171
2.0,0.427379014876069,0.35764274604623225,0.4915182589026299,0.4699249531298243
2.0,0.5087235287820516,0.4652610942359525,0.5440462738656203,0.5622134521517347
2.0,0.3018193992556863,0.3273965846470501,0.5181962468764134,0.500071966897754
2.0,0.39278817568526636,0.3549919737715449,0.6472376427461755,0.664729085866663
2.0,0.46968354575980936,0.39244797734502285,0.49851841967290766,0.5203719480249591
2.0,0.5393577962782345,0.5014204546712597,0.5844114365493802,0.569803202801255
2.0,0.379198043372534,0.35511409427839574,0.5503234872089395,0.5379813922085825
2.0,0.3093843879480907,0.3036492309187762,0.4317145336548237,0.4198925858335474
2.0,0.357319500716234,0.31200125961972397,0.46803813760485374,0.43542205596706396
2.0,0.44981207777217846,0.43806188126036116,0.45618339822785964,0.48465777832264734
2.0,0.4708056246674138,0.40782997504640006,0.4960948198958377,0.4985215235805738
2.0,0.49427368804700655,0.43647058658188054,0.567568700423541,0.47144595143764356
2.0,0.5028929820841677,0.42044622883426996,0.5475579568383185,0.5666482594400905
2.0,0.4989193129203858,0.43938724186856637,0.5620992637768185,0.5372832884355467
2.0,0.402542303197785,0.38827879221466177,0.43420958630421735,0.44698110841661304
2.0,0.5444929189683585,0.47600124723927656,0.5152551545898123,0.4509261581566296
2.0,0.5884062373311059,0.5170404985368526,0.5594054231435336,0.546676064735496
2.0,0.4818119833068054,0.4359004794912355,0.575820679548046,0.5772903528177423
2.0,0.4730476231575186,0.4627323227218164,0.5651247538012605,0.5308346102018996
2.0,0.3819395046199695,0.3612910433944764,0.4893403162218541,0.4452269497421413
2.0,0.5165499511168075,0.46889529974323907,0.5130957448356798,0.43774669623308987
2.0,0.49414404458587075,0.4762557372843088,0.6830222344536914,0.6905673857816393
2.0,0.47909081389011066,0.4493660658451045,0.4513648374010055,0.4424341274771064
2.0,0.5349658720912059,0.49944760490568074,0.5636053144595159,0.5998959398857827
2.0,0.4988008963697021,0.46484061113104963,0.535087345346916,0.5559133242993766
2.0,0.4951193171031614,0.45854480949890547,0.5489358587636077,0.5448343148925078
2.0,0.3906048076407151,0.38211620615935143,0.4971705465667524,0.4541753394674807
2.0,0.4141772178115418,0.38179438604415045,0.4743533296245608,0.4830503534023913
2.0,0.4624191147588616,0.4275750821570644,0.5255195481886714,0.5435942227970134
2.0,0.47134804082151793,0.434865386676338,0.5543097386818486,0.5546201963802484
2.0,0.4776680523572915,0.4310531714919599,0.5030792996147071,0.4758783583457231
2.0,0.48019224527159116,0.444630830202679,0.5168489939492049,0.531243576388584
2.0,0.3784536018907922,0.36990824861885824,0.5578968967237925,0.55644978749364
2.0,0.5359842149584353,0.49002919864845496,0.5341952550866428,0.5415884612744387
2.0,0.5112084709109281,0.4665363769065262,0.5897570330918482,0.5371117184174878
2.0,0.5750346620562637,0.5311279220037426,0.5379096728276531,0.5810195549069095
2.0,0.302090708157133,0.2579241690294264,0.3665326383684492,0.3766966535680836
2.0,0.4783285521320586,0.4387923004194259,0.5857428906282824,0.5963649605832411
2.0,0.41202470836333405,0.37747619330890336,0.5586317604400053,0.5316921901863356
2.0,0.45770926125768874,0.40506691122238314,0.49125927323121515,0.44501754105884295
2.0,0.44326844145366895,0.4343259555906905,0.5822507350094601,0.5898021780817716
2.0,0.3490721529257794,0.3048812538778694,0.4463885390609839,0.4373289782295675
2.0,0.48298084343112224,0.4768843294187767,0.5930902122337627,0.5663489812706382
3.0,0.5043718948462497,0.4854551231195885,0.6507471125514366,0.6961852761290401
3.0,0.5585367458334124,0.5280256413656795,0.5694023312446944,0.5683293163279156
3.0,0.4757024150624257,0.4586735125053419,0.6702986474448704,0.6462287531946037
3.0,0.6347751815981114,0.630187790890126,0.7866632724189255,0.7669538161466354
3.0,0.5334268361446879,0.489491030024527,0.5821841285327003,0.5335110508331651
3.0,0.5948601101317867,0.5586547422966498,0.6247212335346242,0.6495598643691728
3.0,0.6453904650430711,0.6099998620509152,0.6433381357350093,0.6280823752413447
3.0,0.5605050983054237,0.5204876447439268,0.623716624301355,0.6202207404188224
3.0,0.5846234889220228,0.5562837052617058,0.606209893298884,0.6011272960938221
3.0,0.5574270090110848,0.5856969150672988,0.6659485053448685,0.66863313213544
3.0,0.5435636825207293,0.5253706838322458,0.6451560351820692,0.6689170860960388
3.0,0.36248499681976065,0.36842638810980893,0.6676118677995854,0.6694718137258174
3.0,0.5155516641733251,0.5039937230749553,0.6659085627994895,0.6375352038970525
3.0,0.5026159734539049,0.4976415635725314,0.766887329923281,0.6762320944897211
3.0,0.6111799110240805,0.5881309850605808,0.6906375994407274,0.6359019030954501
3.0,0.560350762550274,0.5391634774321111,0.5804223471916864,0.6316536292726591
3.0,0.5182542630242475,0.5187911689232289,0.6799456796623484,0.6615089153038979
3.0,0.5482808110891434,0.5409239226482829,0.5897014290351423,0.5316038630859279
3.0,0.4176239022223515,0.4159389880115266,0.593123423191781,0.5586465347733227
3.0,0.5833997673845864,0.553629827145931,0.6072392253240266,0.6392983892710358
3.0,0.45615369832418756,0.4113208274017285,0.5087917077867554,0.48761615110516165
3.0,0.487812996846095,0.4702860194019638,0.6646769069483838,0.6244717063225612
3.0,0.49131117922459144,0.4803703137962966,0.5962286905732783,0.6348637118573197
3.0,0.5146806925755334,0.49232582293450033,0.6344370935237157,0.6838959330945231
3.0,0.4982326590838987,0.4694031525021764,0.5628516906474719,0.5264171340358597
3.0,0.42428519973853374,0.3699390270519819,0.5984957481513348,0.6099024117197963
3.0,0.47628631080928024,0.46605737537470737,0.6320912198349563,0.6051434237421938
3.0,0.48569779797671836,0.4953766152032779,0.7411658699514129,0.7633242244559966
3.0,0.5748672945185838,0.5612117998449102,0.7025821329630217,0.6872568031406092
3.0,0.43475859046878845,0.4001689311956592,0.5768672262476955,0.5630340672360796
3.0,0.6014094832683791,0.5585468705731611,0.6990837231158378,0.7025481875243949
3.0,0.5848331765592563,0.540944456725801,0.5970632768253923,0.5881888733761594
3.0,0.47475888363429486,0.4550831464778504,0.553458953518166,0.5439887313877991
3.0,0.567365870376674,0.5358385020307729,0.6033182402372037,0.5836385002890061
3.0,0.44414139601324404,0.4189042128387204,0.5403756196131863,0.5418705960865025
3.0,0.4906110948744614,0.4742458479763249,0.6105542794947473,0.619300177753636
3.0,0.6204140842689845,0.5892177895633869,0.6357445193448139,0.6265925284290129
3.0,0.5527588211082374,0.5398923184021578,0.7024206016320302,0.6859040353111179
3.0,0.45424778584235753,0.4347597776666893,0.5448468829033437,0.5409113463299077
3.0,0.5066529996287802,0.4912624906079005,0.5256689290390514,0.43039652034306813
3.0,0.48875298676380313,0.48842090111192926,0.6552294629197521,0.6104383142608614
3.0,0.4846703873001652,0.4454256381154097,0.5447127957413822,0.526550812164133
3.0,0.5532604881508509,0.5167574321281464,0.6244039560389302,0.6224373047290833
3.0,0.5372882888098273,0.5114093415131986,0.6044527553007674,0.5996831202916727
3.0,0.5396441435196674,0.4833209962302951,0.5352973986683041,0.48679103914912536
3.0,0.5554782760201549,0.5226419670733798,0.6140091291872823,0.5754275019184023
3.0,0.4738769233508715,0.45177516222303543,0.5411009354140213,0.5553269673145019
3.0,0.23580091673320278,0.219988233822174,0.34961432564714967,0.36014765366604734
3.0,0.45787517254412435,0.45402562132192414,0.6140518136593316,0.6656183312037923
3.0,0.6191873374215555,0.5701435144162299,0.5960394726199858,0.5970698438810749
3.0,0.6342522401974322,0.6126783574224918,0.648179628781052,0.6427546481465898
3.0,0.649747390255488,0.6269790326812643,0.6532577145976984,0.6512946959705554
3.0,0.5312836717246943,0.5224437498670793,0.5562542379370894,0.550119984228739
3.0,0.5749509835516187,0.5349498030797648,0.7202124841538808,0.7025704227196199
3.0,0.4733675747195073,0.4421295140348951,0.565824857545084,0.5886717706891991
3.0,0.6516167486451635,0.6291473511476563,0.6455589367704919,0.6859769902809212
3.0,0.44985909427945814,0.41729945358034176,0.5620445198969786,0.5492945831636213
3.0,0.541692630169173,0.4889748282047419,0.5582632545092889,0.5276390128666155
3.0,0.4700628698789271,0.45454097861971116,0.634303851492527,0.6318427224814629
3.0,0.4915236900804318,0.47261549489535826,0.5847323964147271,0.5574040014141255
3.0,0.6360930943260508,0.5954936894865436,0.6088386004454739,0.6727394250638197
3.0,0.29535820331963447,0.2882121392178314,0.5197089806131227,0.4740025278089786
3.0,0.4814609362646629,0.4646166984600822,0.6618828766106032,0.6076037461038076
3.0,0.47102569670580763,0.49217393026323886,0.7054554263187279,0.7688492676594813
3.0,0.3619630488530352,0.3508963804355767,0.761185198697738,0.7006135932042505
3.0,0.5362488819082403,0.5404282021493132,0.706351487776588,0.750602352584071
3.0,0.5392424602705721,0.5301786692621129,0.6589456215427043,0.6519853308080988
3.0,0.5345417482490105,0.4834433057903431,0.5379833408420669,0.5217449514532839
3.0,0.5817110342999081,0.5452824401121932,0.622934715658692,0.6058952616016224
3.0,0.5006442200313453,0.48780052265849233,0.6481993019683087,0.5926296410425341
3.0,0.6230465046273257,0.5991331181121913,0.6596312403029796,0.637323398899933
3.0,0.5274728668890523,0.5258572641515735,0.6506487163152372,0.6727331375666065
3.0,0.6509929064916309,0.5896429762429913,0.6463882059422118,0.6310799936911209
3.0,0.614217910447181,0.5906936546581019,0.6048922871001897,0.6080790633112676
3.0,0.5139709482113457,0.4962434614878003,0.5903176934490896,0.6093732195256522
3.0,0.5484685404726752,0.5212820490260656,0.6418083203586378,0.6127954419821371
3.0,0.4862871623947838,0.45149179350325563,0.5292989689093502,0.5161863552610924
3.0,0.5341573156873992,0.5188435022036679,0.5456604666648837,0.5905331250704257
3.0,0.41048596130534054,0.3878633032409763,0.49658615329975364,0.5507880050734482
3.0,0.4719988573969981,0.48821805087148007,0.7256734186747826,0.7025209797083694
3.0,0.4621642011914131,0.47213241561680475,0.6145180227901605,0.7033141968646988
3.0,0.4248130791811112,0.41615565536989324,0.5372340041086444,0.5302473697528853
3.0,0.5564985891929966,0.5523240232308079,0.6226893660337678,0.6123141120033146
3.0,0.5046811627475699,0.4664401072534934,0.5859016467120397,0.6096387359287828
3.0,0.5808923148328562,0.5724876691941949,0.6981471194416525,0.7290178025359022
3.0,0.5454013112938862,0.5322058920436585,0.7235422539436578,0.7106039818237604
3.0,0.48568170949571593,0.4559871400591341,0.5555856139485214,0.5365942980097206
3.0,0.4439362023791904,0.42222836084489057,0.5480860372874948,0.5606042730324834
3.0,0.6252810043477319,0.5842115376187358,0.5359516356279532,0.6121672810490294
3.0,0.656633614595393,0.612270800309765,0.5798468733324618,0.6295999791439253
3.0,0.6384480260763206,0.6100734193650228,0.6746193188239018,0.6818208135327195
3.0,0.47652896270090783,0.47318718049882624,0.6332716424566743,0.6871616327712452
3.0,0.5305916185644772,0.473843706188724,0.5635204316368186,0.5168659834218036
3.0,0.46374518543970056,0.4735270869288911,0.6023299403638097,0.6693635614563281
3.0,0.5916786766388502,0.5386966902988439,0.6557069609525954,0.6570457972995866
3.0,0.5377375996813987,0.5378339761802879,0.654243315511325,0.6641257237823459
3.0,0.5497789426431617,0.5085431968711575,0.5954518998894373,0.5864520649208557
3.0,0.5583090887660291,0.5388454896317013,0.5647351104260214,0.7244513802235024
3.0,0.5514343754687441,0.532195228100268,0.6262219982906195,0.6279239365814937
3.0,0.5514343754687441,0.532195228100268,0.6262219982906195,0.6279239365814937
4.0,0.526765395909931,0.5241836810548609,0.6625539768088898,0.6497741709722177
4.0,0.30890722376228985,0.34729485957719275,0.809886504781157,0.8140831402189886
4.0,0.40648002709665676,0.4038940104204201,0.6153373453571992,0.5839689338544716
4.0,0.43436196942452077,0.4476457296046197,0.6636960008904838,0.6970672965787061
4.0,0.43264171433019394,0.44859676982350327,0.74213348475809,0.7059315054302793
4.0,0.4455671091686326,0.45957090508571885,0.7770090371536836,0.7702710247972295
4.0,0.4547137686017727,0.4513949057862391,0.724808828137147,0.6906254157931929
4.0,0.43074685284757885,0.4073286907633141,0.5527905028190095,0.5558750711948631
4.0,0.43604577592840865,0.45729807973049996,0.7469607567107903,0.7363815596380567
4.0,0.6233939446030875,0.607415726942601,0.7655910884888757,0.7896653134323481
4.0,0.4543273691947798,0.43453673243328594,0.6119658701895622,0.6117282200023234
4.0,0.45127987864418706,0.43949308562593115,0.6556335269194951,0.6343198382382025
4.0,0.37142089001094863,0.36678788237324295,0.5463808737036175,0.5833401508146965
4.0,0.32670341708759576,0.3055317856324886,0.5414810529944292,0.527861519745272
4.0,0.625370294314937,0.5654143143636374,0.6807140332756665,0.7264655667263764
4.0,0.4551529510102099,0.4508517353583179,0.6457364509536279,0.6341936160276606
4.0,0.41697498571573577,0.42819696226870285,0.713800812531616,0.7047051510940684
4.0,0.4725613642841947,0.4658519469787776,0.6779054561901326,0.6546311112680225
4.0,0.38578592994530325,0.39185633238799233,0.6650799593937964,0.6391310152492997
4.0,0.40219416803957886,0.3903201182777055,0.6310873450916404,0.6097665842978821
4.0,0.4809856371770242,0.5069403940170707,0.8166157459486164,0.7962842672643986
4.0,0.4322533218404794,0.4398529550022127,0.6048251708059772,0.6255355751571534
4.0,0.48644514862150406,0.4880578202504027,0.605278179964486,0.6080877612681923
4.0,0.4967982041026786,0.4771367299479835,0.6253011575591583,0.6255001309605224
4.0,0.4610073192972232,0.45600696544108177,0.6145723434479538,0.6286468119435447
4.0,0.5023096200191932,0.5246158168533825,0.7400963279901935,0.7324211949339092
4.0,0.3898388638259847,0.40444159655590517,0.6546354354693334,0.6976617329225412
4.0,0.33204586300597705,0.35369213735847116,0.6351325546848303,0.6334876517994511
4.0,0.3259465187164302,0.32785011990925306,0.6513863173601938,0.5820659589143755
4.0,0.4429689980884962,0.4449614989235944,0.6623804094480872,0.6802553006742773
4.0,0.49947149591128037,0.47713597396460505,0.7057946301287079,0.7211032889258917
4.0,0.5209051412155972,0.5188336617911365,0.6546298278196071,0.6770990574571747
4.0,0.4310022720589986,0.4476834506534345,0.7662595308155653,0.7418698282581901
4.0,0.5207264107813059,0.5451433367243276,0.7665059612774376,0.7844929770879243
4.0,0.4597174842131555,0.4539016389389363,0.6168343439813917,0.5929209827995983
4.0,0.42411193854672824,0.47766585978941045,0.8748126810107357,0.8630230571805799
4.0,nan,nan,nan,nan
4.0,nan,nan,nan,nan
4.0,nan,nan,nan,nan
4.0,nan,nan,nan,nan
4.0,nan,nan,nan,nan
4.0,nan,nan,nan,nan
4.0,nan,nan,nan,nan
4.0,nan,nan,nan,nan
4.0,nan,nan,nan,nan
4.0,nan,nan,nan,nan
4.0,0.48453463854219647,0.47509133120751534,0.6923244439723825,0.6970898328601822
4.0,0.3731840356061363,0.3780743828517884,0.7256477075353707,0.657055010745718
4.0,0.3705301561618859,0.3888054954811049,0.684686310499241,0.6696592814291488
4.0,0.3798875376593734,0.3848811528071414,0.6798938032658778,0.6718615944816382
4.0,0.34055299959435703,0.35794917266256376,0.7278702259793625,0.753443220836876
4.0,0.3560481558778098,0.35943897137501757,0.6722807782527956,0.6857002269779566
4.0,0.48296743459374986,0.48556452020512314,0.7574636996979162,0.767403716336238
4.0,0.5395353072051867,0.5326040020502355,0.7039818135792224,0.722164298877596
4.0,0.39056510808666967,0.37920951967710503,0.6082547156808709,0.593390069778854
4.0,0.3620584446306213,0.368975913324326,0.6193336731592282,0.6966734993702939
4.0,0.39264768601735883,0.42957980946080265,0.8501907741938203,0.8594894969795057
4.0,0.3024332549610262,0.30592957399563586,0.7812283643825708,0.8034797407198133
4.0,0.44870596979882327,0.457473788629245,0.7276280324083588,0.7444792482098057
4.0,0.45315665726989673,0.4558982796759262,0.7754671722440651,0.7361120343289477
4.0,0.30469303844061046,0.3516601957494704,0.883091529028012,0.9120301048860422
4.0,0.4515043943877831,0.4362196741390617,0.7394947235260081,0.6733898787546418
4.0,0.4148820698566631,0.43093971438847645,0.6983177647354599,0.7148104322016019
4.0,0.4391601487324078,0.42749304926735937,0.6637566282030305,0.6372604934566459
4.0,0.3525927423379344,0.34982371824247194,0.6323923395791041,0.6055038492969532
4.0,0.34165081767518335,0.3484688761999254,0.6356263289528385,0.635408492155139
4.0,0.36117190671075483,0.39785856175986223,0.7292193063688819,0.7209816792818036
4.0,0.4565227035003882,0.47470057305147584,0.7501615279607399,0.7456376044548432
4.0,0.3572794536247095,0.37491518058808154,0.6929767177311734,0.6450024965263286
4.0,0.38315141969728916,0.3884593912956642,0.664578639708538,0.6908326811851412
4.0,0.372068328908127,0.37603485478327214,0.6914911349503565,0.6761941773297331
4.0,0.34251238683034213,0.3457022387491656,0.6603632714497079,0.681045436470583
4.0,0.36605827971206745,0.3775159048121691,0.6825128714653002,0.7308040369846796
4.0,0.41533850143165774,0.4007909441431585,0.6522914239866033,0.6210565019072941
4.0,0.4813684853677037,0.4876991594570538,0.6703684705293276,0.6939853660770682
4.0,0.4201180228760726,0.4164154543351494,0.6707614920241893,0.6649281968909917
4.0,0.37059881597116484,0.376141605521194,0.703995389429841,0.6575530161729359
4.0,0.4393454784870835,0.4294221586429074,0.6165835185405448,0.6256959825911489
4.0,0.37059881597116484,0.376141605521194,0.703995389429841,0.6575530161729359
4.0,0.4117313198193753,0.4075647826015743,0.5784926630377302,0.5902354406169199
4.0,0.3533633784647645,0.3575930340516411,0.5908987921373919,0.5756518470292916
4.0,0.5466366048001232,0.5508606989823271,0.7625626464856867,0.749172270153134
4.0,0.519849600883057,0.5290864922821825,0.7175639768503823,0.6754401509336341
4.0,0.441108282409145,0.4427308028208593,0.6352630688186263,0.6453163800428687
4.0,0.4848861585707357,0.5086259958214859,0.7320481863441096,0.725095798143538
4.0,0.45023102468838694,0.4532273121003054,0.6818592046868095,0.6512312778179913
4.0,0.40185607905901677,0.40140618279909845,0.7372243726508763,0.7107212962633542
4.0,0.4486042476430745,0.4844854959045469,0.8924649830576581,0.8374795325663473
4.0,0.4634416689165038,0.44379352365659797,0.6522996214666339,0.5957763275451896
4.0,0.5408848003480766,0.5307505531891746,0.683789354232611,0.6597324467938213
4.0,0.45948163912411,0.4659554279165374,0.6323971099845547,0.6179464586765065
4.0,0.5142784123374228,0.5280061702848329,0.737972542643021,0.7330115623739022
4.0,0.43691477502570203,0.4459018862669565,0.7476162187945008,0.6901886313486674
4.0,0.473451272227776,0.47111284737914844,0.7454784754106081,0.7080420001912248
4.0,0.3665748364748743,0.39328083200646763,0.7092903391074805,0.6901777027111025
4.0,0.6059720390041603,0.6016726127976098,0.7327327726373454,0.7385100728756719
4.0,0.39223322649361136,0.36666642740718514,0.5618411896633712,0.5465226023945537
4.0,0.46924510561473154,0.46054722322098984,0.6272257856232912,0.6415504717763716
4.0,0.5208654327492614,0.5257495582869012,0.7570784598710478,0.72349672786304
4.0,0.43362501853691704,0.4313924160673709,0.6254049703777537,0.6012891172898301
5.0,0.46843535556531096,0.44042340952336034,0.5167548323329718,0.5493712154088999
5.0,0.36949142550896275,0.37075987001957433,0.48513271139527137,0.560470310216536
5.0,0.3792748707057699,0.33200877322219624,0.47421143206533456,0.44974190534248737
5.0,0.46163053956974476,0.3780385082894676,0.5081032996470918,0.5002032165921165
5.0,0.08296123955047771,0.0903228800639172,0.3120221986733646,0.3644574844572177
5.0,0.24211876645762082,0.23653901442787711,0.4108340659432944,0.5036448966747067
5.0,0.3008588676606302,0.2826679741207038,0.48703760661518664,0.5004759590253467
5.0,0.19125508766185167,0.1753809459257309,0.32632666429845714,0.3069575331932971
5.0,0.38714679791626894,0.35611654951716953,0.6798438031993271,0.6425241427649949
5.0,0.43469208753866345,0.4101139879302944,0.4623692397658578,0.4537340845931537
5.0,0.47500481440551523,0.4641632577946381,0.6532272685963915,0.6205783801624353
5.0,0.43655067307277273,0.4022283030701986,0.42586915125180314,0.4949918967975112
5.0,0.5255046691831748,0.48445600432249913,0.5481642682637939,0.5813771877770164
5.0,0.3041135646622992,0.3087704621629622,0.5309733951821363,0.5017573690303261
5.0,0.2681771596960637,0.26749360163990016,0.2529542375683187,0.3750034057161376
5.0,0.4259570471287282,0.3880752117493552,0.4973734994638711,0.518748518522298
5.0,0.3959877716127348,0.3581840544732999,0.3343057513032837,0.3752879489045316
5.0,0.3753366595389548,0.3501832873537277,0.58527832434408,0.5492175009721489
5.0,0.5523950706702911,0.5090544332841098,0.5609216162226873,0.4960553021757075
5.0,0.31900570284259144,0.2954676821161885,0.36653270825117046,0.40532285083331887
5.0,0.219053265670229,0.21836711466396003,0.57521842057633,0.6359040348709429
5.0,0.5444907777564862,0.5097657454242608,0.6532133802289112,0.6393056801382497
5.0,0.1763572023576085,0.19140637736098357,0.3054907154592682,0.37028944577069967
5.0,0.19590043478474867,0.19786530563254576,0.36828358440162745,0.34353282274049834
5.0,0.40488641911785583,0.4079359708833281,0.5664612969208551,0.594987461074251
5.0,0.2341761903569451,0.2330323673821974,0.40610537110717165,0.4719678762764692
5.0,0.1958574936862303,0.19530175516394685,0.36202559015416,0.393305193562005
5.0,0.3320918682143592,0.3139750162568411,0.5835960338044311,0.5699924087157755
5.0,0.41448128154404834,0.37315238598426753,0.4142135957737272,0.42587368364596756
5.0,0.3984300708680262,0.36197231961136533,0.48021977154656015,0.46001405499413844
5.0,0.2997149905998949,0.25820476169291445,0.3412284989639672,0.4236137406869124
5.0,0.3526103412197642,0.33519870276034214,0.4942382734791971,0.4752670656581246
5.0,0.26657510467001433,0.27122334537569287,0.4452426799718912,0.4809103172293062
5.0,0.26925167307148845,0.2540714728812593,0.5237864809893475,0.4521400445435323
5.0,0.4364652930017929,0.4178100978522804,0.47557995596916974,0.5274389751959316
5.0,0.2995290341140505,0.3232705429941779,0.4548935346981743,0.44778949345819113
5.0,0.47623918043497115,0.47307619329480255,0.4478105321875958,0.4256507216527704
5.0,0.3588373534679794,0.34544445702237075,0.4749272052629724,0.4786935726214549
5.0,0.40717097712999933,0.35108915462682366,0.40051533974357517,0.5202527549678239
5.0,0.24469108648497814,0.24609142939579368,0.4014825995177609,0.38581149306057244
5.0,0.2128947537264663,0.20302481952007936,0.40625019520982597,0.38283158544129553
5.0,0.40653876865044114,0.3947906490544679,0.47895219322756366,0.460075483436826
5.0,0.3952508232627147,0.3839976585693555,0.4453044325908406,0.4813081419563133
5.0,0.3118730963791324,0.2843822462660903,0.38916766265910474,0.46037251891244246
5.0,0.4001106781516509,0.3710116368207398,0.45179244817627007,0.42819671010800847
5.0,0.3628879763950238,0.29380851101744676,0.43753335303539775,0.47791877687090667
5.0,0.2847119741652385,0.27087147290239294,0.40480378657907745,0.43541612068838
5.0,0.5314040019947875,0.47533502816055395,0.5424359249363349,0.524999771787988
5.0,0.36613269170418977,0.37980146573443746,0.4586577080765353,0.4305085178045611
5.0,0.14554280110699036,0.1469368634048099,0.3553682295851758,0.38583764664866665
5.0,0.435370301325285,0.435482202195911,0.7226447735205935,0.6980972888704362
5.0,0.26905830960740806,0.2541590428351518,0.5237050904382098,0.45168883948957056
5.0,0.44124363054564597,0.42063640656256795,0.6327989802450825,0.6631795665307145
5.0,0.43802646941658885,0.41890307447186215,0.4762820516124898,0.5283009362379884
5.0,0.0,0.0,0.0,0.0
5.0,0.2995324745855648,0.32326447133070974,0.454893700720463,0.44778896201868446
5.0,0.43321239717123755,0.4189622157302344,0.6109980499151529,0.6493121000877372
5.0,0.23135353866493918,0.2196603540016288,0.39332840359395216,0.44438979048526445
5.0,0.4764840181328064,0.4734802901689507,0.4481992051898997,0.4261923946614592
5.0,0.2867555917233031,0.30553252557024324,0.649623109101892,0.6390349576377692
5.0,0.35889272370813374,0.3453465609537682,0.47474814240608665,0.47849385667998273
5.0,0.4397781600199447,0.4327102278074064,0.595557748655309,0.6670763378506831
5.0,0.4072652077181725,0.35117686702990364,0.4005669697641667,0.520314030155813
5.0,0.46889205880439866,0.43720743160421693,0.5713644933637934,0.5828062832357898
5.0,0.49671721552447556,0.48644431284179157,0.6164787604080743,0.5943623497377479
5.0,0.24558868353334512,0.24705025143985654,0.40262368056958986,0.3867764321874587
5.0,0.37848257067493973,0.3575236908946905,0.3964586026586746,0.3878515814269856
5.0,0.21219688578444562,0.20241666492728527,0.40560662761106175,0.38305781175037823
5.0,0.3952569640155881,0.3839940995108657,0.4453011036872764,0.4813124827110724
5.0,0.3120593095699331,0.2845630271289989,0.3892342818880833,0.4605679614279835
5.0,0.40014087089149775,0.37104179955363403,0.4518222851544984,0.4282164955261393
5.0,0.3627470279335523,0.2936469820585157,0.4373955835283455,0.47752953130370157
5.0,0.2832709844393605,0.2695057177879096,0.396491299024057,0.44118476737816503
5.0,0.4906289057456815,0.4564636203338629,0.48578107665074044,0.4777455413301429
5.0,0.42650111700434135,0.3738370426500679,0.5031956013656037,0.4520282371912098
5.0,0.46295853892964267,0.40843499417381546,0.44930628339946377,0.4373196757491099
5.0,0.5493833819518926,0.47151978542821177,0.4825513716223054,0.48418923100023287
5.0,0.44880190951547494,0.3855343247999034,0.4662062492136285,0.46732587969784795
5.0,0.3272653659854675,0.294425995464005,0.40464740154285295,0.4784088141976252
5.0,0.49877073912299696,0.4617441273826113,0.5360753350327925,0.5434069544065214
5.0,0.5672768575637821,0.5216328867213083,0.585108620777626,0.5489541702651345
5.0,0.4767819687698099,0.48089333019250996,0.7675727186028498,0.7417559973190279
5.0,0.5351063580942664,0.49954506386876807,0.645485459704996,0.7278528985434011
5.0,0.5239599428661417,0.5224119784193854,0.6445187291291037,0.7137176125896538
5.0,0.5950326761382678,0.5723541858962482,0.6445825430421636,0.6185156240594891
5.0,0.4483652617985603,0.43865334040356885,0.4872361294826978,0.5719129024256792
5.0,0.5418013470794192,0.4835885233969177,0.4858693842082603,0.5110760016724437
5.0,0.20651488397377424,0.23621384503339013,0.6541126732241077,0.6559526584588713
5.0,0.35755681117405425,0.3701682644387869,0.49165893346675776,0.45443294793283306
5.0,0.2616891475145632,0.2522495867147785,0.557658791417333,0.5022991875476693
5.0,0.35479505361590724,0.3686922952464949,0.39900035249821886,0.4625799697363625
5.0,0.25534245780909837,0.23063370908178552,0.38813696758605776,0.33875918825192264
5.0,0.31898832521361475,0.3267973406761668,0.508329619255232,0.5064224789598584
5.0,0.43207834311820825,0.39952753879736,0.41577138365608,0.39174982853820406
5.0,0.2000802717561736,0.18965037017831782,0.4338839314193105,0.40062472265156157
5.0,0.36943131073492474,0.35002722674117404,0.5410813245471154,0.5353074886673624
5.0,0.36353332954242046,0.3345368761104468,0.5192784786674959,0.5243475124756718
5.0,0.19296942077892443,0.1822007309225606,0.4378993701198915,0.3819933984081859
5.0,0.35247509905074614,0.35226486109581584,0.6587464671755319,0.6163421732810015
5.0,0.2904254716215967,0.2883351296631217,0.5493075592035048,0.5398231080168048
6.0,0.6751342422615823,0.6395764922971744,0.7397121553823416,0.7602699504401328
6.0,0.6214021872537785,0.593664025820221,0.7113422946433398,0.7032594856739371
6.0,0.5378855892492088,0.541385275637669,0.6257535509019021,0.618890372034157
6.0,0.5510036882257618,0.5310218803314795,0.6504454180101557,0.6381616915867907
6.0,0.6748727190848158,0.6783148049390988,0.8343495632535416,0.8453985212381454
6.0,0.5664740536246222,0.520696541204513,0.6050366085623797,0.6256413930098677
6.0,0.5793962783624548,0.5696880713086068,0.6421947618269344,0.689110966946215
6.0,0.6243436944113432,0.6278139230441229,0.8254280212639546,0.8166591898208998
6.0,0.6085595666800312,0.5548617587526135,0.7265549685525226,0.6758351439556248
6.0,0.6518137320482378,0.6871696556103069,0.7864408524676736,0.8199887909696646
6.0,0.6649371121098402,0.6464765980947589,0.7962354075066295,0.841171353483368
6.0,0.5983323293150884,0.5882547899354855,0.7438284083603338,0.7542510691636944
6.0,0.6742339825935979,0.6809402178179529,0.8363784117788077,0.8379273649004164
6.0,0.7238759481095838,0.7299060830299071,0.8503682010290594,0.8803229003576267
6.0,0.7106108555008606,0.6942227731919797,0.7883566286474302,0.8445955125233143
6.0,0.6163840725771005,0.577156100616402,0.7445289547851948,0.7338283051470653
6.0,0.5944477734173581,0.5856666650319822,0.6982916628770717,0.7184484180766147
6.0,0.6295140019314409,0.611352334832655,0.7547501348594102,0.7682763583483678
6.0,0.6793007514682203,0.6711605061614746,0.8338973319325202,0.8480338713287173
6.0,0.6219133737459849,0.6004437802307871,0.7200732315298431,0.747049987261527
6.0,0.536979290668564,0.5303964669802671,0.677201155471272,0.7160971225520201
6.0,0.6926302420404769,0.6530934539600414,0.7793163302172846,0.8168134788146937
6.0,0.5456826224080285,0.5004470385333859,0.55871657320537,0.5277556055116376
6.0,0.6822997667257686,0.6737280243565276,0.8805107168183013,0.8976998148333386
6.0,0.6133613347896893,0.5928241095199089,0.7098378149464717,0.7089678588322033
6.0,0.5906805748214154,0.5446137647023583,0.7074340943305333,0.7658612549521924
6.0,0.5807544036329411,0.5642047849381937,0.7313183142470199,0.7098939806181208
6.0,0.5540538891334021,0.5238976438418367,0.7097487800464619,0.6846555303532362
6.0,0.6638887545402001,0.6471073030239689,0.6890102702662313,0.6744072250801143
6.0,0.5548004623559752,0.5126759504690681,0.6555369970855897,0.7018837103264124
6.0,0.699267756109937,0.6321430873200703,0.6963964990738186,0.6710708619559853
6.0,0.6164532758980383,0.5812716058689537,0.6662391211270068,0.6898426296959164
6.0,0.5749399605073937,0.5624380939649709,0.6480015803512789,0.6655849711945157
6.0,0.5904348055539939,0.5532340154697586,0.7830004739736388,0.7812853375983533
6.0,0.5361500839989138,0.4950688930268119,0.5748467372416144,0.6003533277012466
6.0,0.6241486738869004,0.6230329981033365,0.7945692740849283,0.8134385497099892
6.0,0.6098889252691881,0.5906436677249156,0.733837096854093,0.729956328215915
6.0,0.4672942251024864,0.4600508887163176,0.5975648411321688,0.6214013542612722
6.0,0.46099568462535745,0.45208944994745115,0.6863529068587852,0.7058003368847307
6.0,0.5060960247244858,0.48395361934586156,0.5968286905476369,0.7514594690611989
6.0,0.589785690798097,0.5956944664993368,0.6720625352649191,0.723877148172692
6.0,0.5775843582643397,0.5427357131063615,0.6179790238908507,0.698582625704953
6.0,0.6116349155186798,0.5637873196835295,0.6252848219333934,0.6504124628024047
6.0,0.5348263136077942,0.5183535720797191,0.6040899374576764,0.6128653513906474
6.0,0.6316563514112841,0.6093599759743669,0.6817810471347469,0.6974449020393387
6.0,0.5645581453913843,0.4965554255597995,0.5912933090852943,0.5932326603788687
6.0,0.5911996869042365,0.5721800812212492,0.7041065305754973,0.7216897112279204
6.0,0.5227792320188671,0.5088943090879849,0.7014463107694466,0.6869506653764694
6.0,0.6977923915567849,0.6620921952331289,0.6846440637398905,0.6936600937969731
6.0,0.7263535693277057,0.678084135475495,0.8009028513502872,0.8113823255721501
6.0,0.6280679324366958,0.5952481076955348,0.7774498326903448,0.75400251664824
6.0,0.6712033405105344,0.6578238669817091,0.8050805535701486,0.8195000639124228
6.0,0.6260042407030517,0.6078112245438441,0.756904101048675,0.7472268288068823
6.0,0.6371910803171059,0.6063313980802802,0.7297392408015319,0.7261419072191655
6.0,0.6341572498878456,0.5996251011854985,0.7345450416222761,0.7572297061659314
6.0,0.6410824767421083,0.6317953273844923,0.7425613202533523,0.7876730049558547
6.0,0.5406386783068939,0.5216623166138747,0.6749507529749186,0.6602276709660649
6.0,0.5770172873962109,0.5729363098934778,0.7732181068395643,0.7846389343663045
6.0,0.5923591266578149,0.5514274585745533,0.6580313750386482,0.6892035369782347
6.0,0.6449102044012426,0.5988891826696858,0.6988737734011786,0.7126340435700886
6.0,0.7277877204118028,0.7033783485852769,0.7602332583807287,0.7534635053547236
6.0,0.589785690798097,0.5956944664993368,0.6720625352649191,0.723877148172692
6.0,0.5775843582643397,0.5427357131063615,0.6179790238908507,0.698582625704953
6.0,0.6116349155186798,0.5637873196835295,0.6252848219333934,0.6504124628024047
6.0,0.5348263136077942,0.5183535720797191,0.6040899374576764,0.6128653513906474
6.0,0.6316563514112841,0.6093599759743669,0.6817810471347469,0.6974449020393387
6.0,0.5645581453913843,0.4965554255597995,0.5912933090852943,0.5932326603788687
6.0,0.5963003332805907,0.5684492027941433,0.6875023211909672,0.7091619926774624
6.0,0.6037254653174996,0.5694589927818503,0.6601624477512914,0.6855039154529647
6.0,0.5452633429532928,0.5276097527094357,0.7066441575261962,0.7342835585761929
6.0,0.4903881153590103,0.46479016036627907,0.5982161597726783,0.6108519971003589
6.0,0.555839023579072,0.5315460159509776,0.6719368488449957,0.6931337635888262
6.0,0.515711996624949,0.5046690405960885,0.6761384481424536,0.6985504813247476
6.0,0.5299170117363462,0.5131631411014896,0.6520467315388516,0.7134682593994205
6.0,0.5945315458395279,0.5598995549433446,0.7801909527893423,0.7442324743391406
6.0,0.5490278381030937,0.5678146849447887,0.674679860783282,0.7080988400263406
6.0,0.694067086938973,0.6292822614368441,0.7657388896533261,0.7537222514620702
6.0,0.5063298835036032,0.5025608799544253,0.6961013299874608,0.6814971976647024
6.0,0.6174889288463985,0.5849538251473743,0.764639180394067,0.7754457397884963
6.0,0.5837503666184163,0.5481212132955654,0.7250571303934605,0.712604445630971
6.0,0.48968673962928366,0.4869011030052712,0.6652971437236208,0.6921793593739025
6.0,0.718663982709598,0.6730578989711523,0.7415436685348389,0.7097658443486978
6.0,0.6341576579275261,0.5971024131989955,0.7140583398295353,0.7106217552706209
6.0,0.6089558165491951,0.5808817767128108,0.6695276357571951,0.7091251554720811
6.0,0.6074188715297452,0.5979499743140542,0.7087843524862811,0.7400016811356603
6.0,0.5887987393738314,0.5394460311389198,0.6219483954965777,0.656080281474039
6.0,0.5708539793952461,0.5328420855392023,0.6346958557159406,0.6667462020448631
6.0,0.6019790964952081,0.5857755335458237,0.7245767920553596,0.7819451523087818
6.0,0.4972986548538515,0.4603720315945041,0.6723340612508639,0.6446110635393967
6.0,0.513422622978418,0.4779137102789368,0.7552550405145906,0.8037289774431176
6.0,0.5136111410339337,0.4673485506472461,0.7317217837076897,0.6402009362376481
6.0,0.5455765537880475,0.4936194310894734,0.5128340643322,0.5647468185476628
6.0,0.3945355439595817,0.3634408033998784,0.5824260719670329,0.5255983268532952
6.0,0.5305206213148832,0.5018269327647629,0.638064479463141,0.6814242784954614
6.0,0.5361500839989138,0.4950688930268119,0.5748467372416144,0.6003533277012466
6.0,0.7055918025271135,0.6577107624694445,0.7770642306420468,0.7611846250760865
6.0,0.6667699220748313,0.6357764811943356,0.7664907719928477,0.8096896154709916
6.0,0.6401151603553715,0.6113438499476972,0.7607255509303161,0.7751894927181384
6.0,0.6028249449538763,0.5859423520663836,0.835385862908668,0.8219385194870511
6.0,0.6616467517213709,0.632114506640418,0.7770370120505824,0.7915825688844079
7.0,0.45467558011466047,0.4428608607478639,0.6087201101048001,0.639898286658432
7.0,0.4639872386629573,0.4609557879051023,0.6168307962169793,0.6593330463547079
7.0,0.37800963388453085,0.3737737009635207,0.558537815318964,0.5800680296250423
7.0,0.5652313981134673,0.5209504156695262,0.5891186286997628,0.6057574275249985
7.0,0.4595631961111274,0.4390560487148708,0.5395003836382616,0.5659231672596208
7.0,0.4094332360196541,0.3595870874251692,0.49228557352918545,0.4620771093130174
7.0,0.45584339625115533,0.40944175408894307,0.639644143145369,0.6817824650260408
7.0,0.2942527624610859,0.27034742326985944,0.38614168131502846,0.4058035984349424
7.0,0.5195549531900923,0.47631935721604624,0.6330805453822979,0.6748058020217016
7.0,0.5534385834208416,0.5384297950612257,0.6796001784502486,0.6352671587998345
7.0,0.4745237425180455,0.4660943123709921,0.6356482238565948,0.6667344292577774
7.0,0.27110460679348325,0.24682966789968316,0.38403068705597865,0.355283577034023
7.0,0.4901392395627795,0.4585276187870019,0.588542545689376,0.5595214164401692
7.0,0.30742047422228697,0.3152550783291377,0.6613850829832969,0.7173386357227505
7.0,0.4922802891693711,0.4860543352142136,0.6640281181508985,0.6609253077905322
7.0,0.4267405193699054,0.41762198136855766,0.5706137278352521,0.5867565150733508
7.0,0.44210452026720276,0.43439792486808065,0.6201960960543431,0.6640703557422203
7.0,0.5451650467651756,0.5203511375712386,0.6441377596323632,0.665992709463499
7.0,0.4717980806253872,0.46024609653331194,0.5988707646611302,0.6017931684710593
7.0,0.4870224818018094,0.48331211841974864,0.5514275722451555,0.5517994769196406
7.0,0.5410646415194718,0.5295979217343405,0.5944740017996817,0.5933332384502393
7.0,0.6922355969068921,0.67088447558064,0.7462594185859985,0.7622797151793667
7.0,0.42612160083172884,0.4170390232135096,0.571759742446335,0.5849478385181069
7.0,0.4155531109410664,0.40090112138928036,0.5366075464297956,0.5336923905191604
7.0,0.4689782101156926,0.46258281818091884,0.6162459174967951,0.5931101027381274
7.0,0.39268920153571707,0.38033068728341113,0.5296851616707728,0.5167517123504015
7.0,0.4496303088740261,0.41060378456487484,0.4716073543832765,0.4687423273953647
7.0,0.452554099767574,0.44156060814823495,0.5510604134916156,0.5704147203057726
7.0,0.4180248352290071,0.4063836494772677,0.5242146332270237,0.5413948953172513
7.0,0.37631251265322174,0.36242311410872274,0.5052957597149479,0.5564366833087161
7.0,0.4750305191220402,0.46207397767358804,0.5435204049935883,0.5111907874692357
7.0,0.4824550805823053,0.46907176607935375,0.5568979166639458,0.5239357803738824
7.0,0.47559127593302897,0.47008440990354633,0.6046894238680898,0.6107101911139576
7.0,0.5417891559847496,0.507645310729588,0.603778640111871,0.5798097997913103
7.0,0.4226407931289448,0.40540303204069433,0.5133975942028002,0.5063053069872356
7.0,0.5443689130618339,0.5372227356341895,0.5518657194106942,0.5582975623202244
7.0,0.44975860680030955,0.41685374632663563,0.5687707308284904,0.5634338262813812
7.0,0.4574987199687135,0.454546206509996,0.6340960580482203,0.5920912819404984
7.0,0.5091598895212226,0.46970183367636664,0.6116036915098667,0.6112018177633313
7.0,0.47616506128728286,0.44591599310036434,0.5687953082578026,0.5945818519348953
7.0,0.42123000242587094,0.3609379594850932,0.4587512163206877,0.4539284082430287
7.0,0.3474430500326865,0.34029322202117784,0.4366020874363228,0.4445026241110789
7.0,0.5146515510119609,0.47638580886597953,0.5746277818752972,0.5318121275094777
7.0,0.5474066793850199,0.5256200730126457,0.669042392712063,0.6760411473994892
7.0,0.48246380714365045,0.4784983156789242,0.6486428739830801,0.6847756754081418
7.0,0.45972763966851826,0.4671440464604877,0.6134087309245388,0.5994442724567662
7.0,0.45992203016329836,0.46556299722915323,0.6146866061158804,0.6010084364093676
7.0,0.49232077720976253,0.4762003508041498,0.603501844155009,0.5861052678877717
7.0,0.5388084126828268,0.5332230844541496,0.6397414283160467,0.6212909159744109
7.0,0.37536342277680085,0.35118017127843404,0.5498006145958583,0.5326167740001884
7.0,0.4214684218206498,0.41515210539377956,0.5949358332314314,0.6154772314150756
7.0,0.5296597529432101,0.5101941222963353,0.6481221726501866,0.6263037104562589
7.0,0.46882846309253845,0.48218816081401694,0.7728555349765577,0.7796240276925042
7.0,0.24456112021996462,0.2316545058240636,0.4073647273927729,0.4179014042071174
7.0,0.36515776983789294,0.37517031043823634,0.567158375228879,0.6419246265067596
7.0,0.3705440333767667,0.3756712204495833,0.6546816368770485,0.6114821982740388
7.0,0.4291278273047299,0.4403235367040458,0.8108143253848417,0.7483193283474905
7.0,0.47503977665145514,0.48516178777157914,0.7786936203600332,0.7962703234508552
7.0,0.3687738626511421,0.35084484506383445,0.5306463760806186,0.5111682871650934
7.0,0.4375962555020092,0.4469573035273131,0.8082703805330934,0.7563659386712281
7.0,0.36515776983789294,0.37517031043823634,0.567158375228879,0.6419246265067596
7.0,0.44180102350143946,0.4547478817494094,0.6941339793859658,0.7071034934811296
7.0,0.3175355073014389,0.3209459496786806,0.5413891230993861,0.4895426160431725
7.0,0.3992558260177981,0.38842470238104604,0.48611480271802376,0.5593994462775969
7.0,0.3650734250435741,0.35956710439788275,0.5460601982191604,0.543739432703054
7.0,0.37203284111019436,0.38919048391863675,0.6039953347365943,0.5710625454587088
7.0,0.462025080666992,0.4436957603900204,0.509468137937272,0.5403683595314227
7.0,0.48409701383019127,0.48223569243731945,0.6800077562208544,0.6406041727398272
7.0,0.4328920885088764,0.422386779836359,0.6013634090276261,0.5999580862049283
7.0,0.5528003068882092,0.5411110520983423,0.6910896383980558,0.6861056013909459
7.0,0.458846140076436,0.46818050818788687,0.6058256526030514,0.6302119940252254
7.0,0.48409701383019127,0.48223569243731945,0.6800077562208544,0.6406041727398272
7.0,0.5431268070557345,0.5399423732209154,0.691795972800352,0.699783597977648
7.0,0.5189234665080351,0.5248654748409982,0.6357052680131512,0.6543192414886476
7.0,0.3549096044322775,0.3573808991105856,0.5126342664758328,0.49945769125034617
7.0,0.4630856306043862,0.45542081705900855,0.6790730802904256,0.6233112572185389
7.0,0.543988454726406,0.5419672805748477,0.6875164039154823,0.6678736258854026
7.0,0.531552917552328,0.5118098689243924,0.6660913566693683,0.650681957198796
7.0,0.5284652882310783,0.5132770263405582,0.6403436808852367,0.6922838301232958
7.0,0.3722654764468948,0.3629110949427379,0.5202996989094253,0.5559446386632483
7.0,0.48806865075342826,0.4730666543486528,0.6027690153168705,0.5850081581126931
7.0,0.45520387888363883,0.4486722183420248,0.5607010086088985,0.5661853166734253
7.0,0.4279536199036996,0.45214445956863875,0.7553196754062066,0.842227921141597
7.0,0.35115834977071836,0.33094831096367217,0.44986069206985324,0.5012021713062794
7.0,0.42827666023499594,0.4129134826106087,0.5952555148484796,0.5942010289239792
7.0,0.47704533431057805,0.4593341425277641,0.6098627236363421,0.5698553272311644
7.0,0.5370775833223929,0.5047894835119423,0.5858144992997478,0.5559133420935498
7.0,0.44046448894224044,0.4137693672908037,0.5902730566016172,0.5957429753117275
7.0,0.5212500982251573,0.49361492845303184,0.6265139743180457,0.5750791616401795
7.0,0.5181466136439263,0.5132209925883691,0.6278822020183172,0.606742000572697
7.0,0.4419208694427904,0.41484121703428445,0.5867942753514311,0.5893782586589406
7.0,0.4729341077913668,0.44353215031578064,0.6072928119573154,0.6023833732152387
7.0,0.4941496377971405,0.48014463372212896,0.6984257501235288,0.6547459067963267
7.0,0.5249348780192523,0.5064082707344856,0.6240435374876024,0.5888674241287594
7.0,0.4575643022442135,0.442834375356266,0.5156454926963168,0.514031271679354
7.0,0.4263761212167919,0.427681331527184,0.5743495591944814,0.5776994844889816
7.0,0.34326964825291784,0.3559569841741035,0.6200620564227759,0.625653274861954
7.0,0.4207521179532753,0.4517143255937601,0.7702315931072956,0.7746738776519455
7.0,0.45176688845413737,0.44908524712814935,0.6000700091128854,0.5834232017537367
7.0,0.4147521693063846,0.3994720078862428,0.5780986114395966,0.6015913738951981
8.0,0.41688773024466513,0.4037483053889027,0.49847892518669135,0.5118899785350283
8.0,0.45957349421048455,0.42730403750904095,0.5415043116968098,0.5990230461627429
8.0,0.3934861426452931,0.3902439087480829,0.5859624028450203,0.6158264007144297
8.0,0.4381316821779466,0.41866720575549365,0.7042282491739756,0.6876339523093077
8.0,0.4615628106558479,0.4485373780591758,0.6472172913022006,0.6735546451856036
8.0,0.37016545437842624,0.37487805671402996,0.6099174490575989,0.6235661655828403
8.0,0.3754262755334342,0.3789418386507144,0.664755475856285,0.5960367089401435
8.0,0.4449800630358905,0.42574547212205227,0.6188334357526988,0.6361041625853776
8.0,0.37811109124929415,0.3684102245856463,0.6901373885348658,0.5786579330232299
8.0,0.3793730062986387,0.3731945775960996,0.6119061269183932,0.6353808117976907
8.0,0.36323953560413813,0.3235375604591806,0.49768594045775516,0.4449667281341742
8.0,0.4614994609845906,0.45206112315889724,0.6792669181591167,0.6597860868530128
8.0,0.48719342790639764,0.4845755733314131,0.6784775001010621,0.6586723219178456
8.0,0.3253304677045985,0.32825418656589606,0.6184530180864831,0.5975085946728617
8.0,0.38982207989273165,0.4199978322063983,0.6630686321351972,0.7181902427143019
8.0,0.35675064246406485,0.35639877875244175,0.60312684574407,0.6339888911972934
8.0,0.5331042678870841,0.541790004030186,0.6716144152717145,0.7082711434957703
8.0,0.4361211277654331,0.4721213924339528,0.7107708329702315,0.7154764653475825
8.0,0.3965263711252358,0.4178515402615941,0.6942560038607065,0.7311170610812668
8.0,0.36178868688439547,0.3772603670203235,0.623080739546206,0.677402922058911
8.0,0.33159651431147646,0.3621589520248859,0.6559705310810452,0.7204438761649989
8.0,0.476998437407375,0.4599460076030457,0.6092007107439994,0.6411233192463658
8.0,0.4426559693174184,0.46179519583714224,0.714236008717344,0.7630542493382793
8.0,0.44537678391111923,0.45686951161733014,0.824077687249658,0.692602397652551
8.0,0.36739104748765017,0.34302876845644525,0.6088470936700463,0.6177912567073308
8.0,0.38176706285668743,0.37573208618677595,0.6633027842331074,0.608812517322768
8.0,0.39566836115498305,0.4341266141958776,0.6702367057948577,0.6931693132409776
8.0,0.3740924146472291,0.3690918186257743,0.6455731469441128,0.7004305396654761
8.0,0.5707932997457725,0.5726491212202602,0.760674739945585,0.7267286844410926
8.0,0.45099442309541626,0.46772329855793743,0.8145280827929067,0.7890423494909746
8.0,0.5665469528396742,0.565196849048535,0.7596712228106368,0.7675723727132886
8.0,0.6051489212518775,0.5860456912072621,0.7984078954572571,0.7439983462540529
8.0,0.5731953170368069,0.5762174585772732,0.7737935448887578,0.6864448405242449
8.0,0.5077255925579478,0.49756584177766183,0.714320989521893,0.7080703208014218
8.0,0.5425222442972822,0.5553541226170641,0.7561038831926459,0.7441345713123838
8.0,0.49253310835399317,0.49325386311298836,0.7096316414592048,0.6902381208847777
8.0,0.5085180386827846,0.5389730443732786,0.7276059149775499,0.6912492072605219
8.0,0.5343094709924965,0.5370270076955383,0.7923535621718552,0.789973190706419
8.0,0.29141473047315725,0.3040798347890573,0.729692025809266,0.7704649712549646
8.0,0.3845578477906249,0.42875446651195054,0.8670241971279318,0.8649179745690245
8.0,0.33925066833429013,0.3067138267129561,0.4877228010895198,0.5274931234382482
8.0,0.34186614314644187,0.32633558760555004,0.6747603133686427,0.6608580504421987
8.0,0.45918560499196703,0.47988092173581987,0.7038189390377706,0.7392761187990671
8.0,0.444651712110921,0.4020512326562077,0.6067783550970091,0.47432370408174207
8.0,0.5760256876804013,0.5361713951480246,0.69218765757766,0.6965929532438172
8.0,0.562110507687502,0.5466203599549211,0.7492775126654903,0.7794404907529443
8.0,0.28898356257033425,0.28358217668580743,0.5096596569661528,0.5613585701454735
8.0,0.34793811543085756,0.344043637840202,0.5226171168251611,0.5368165086220724
8.0,0.421446633182248,0.4142604970689533,0.6572548555337454,0.6841167337924303
8.0,0.486895801807267,0.45115682608434726,0.5819717897997749,0.5788766978509069
8.0,0.5533195810037659,0.5213138718235741,0.767933542145458,0.711707852291152
8.0,0.5591175249371159,0.591713209785667,0.8225934988966548,0.8115383280378425
8.0,0.49121107929758046,0.5023051172814659,0.7046914454976664,0.7051905310311548
8.0,0.40332221145713076,0.4351904935949928,0.8335052118789047,0.7798746869138535
8.0,0.43874505258408025,0.4201152331033915,0.7181074531767455,0.698115489335839
8.0,0.5385797789512524,0.5338940427472016,0.6765035956710503,0.699597291475931
8.0,0.3637460597237393,0.3660590118603006,0.6112703841048115,0.6100807793418898
8.0,0.3698218487266514,0.3587495598931185,0.6931633198950045,0.5703582176345621
8.0,0.3644031775052118,0.3612571653358594,0.6023870485143643,0.5988280720902031
8.0,0.4589364081154861,0.4374675379181142,0.566933438398491,0.5306155110737245
8.0,0.38120181165634226,0.33981295767053754,0.487671232908801,0.4598759437304165
8.0,0.3800384075025303,0.36582401582971247,0.5931279079411208,0.5966807611738606
8.0,0.35897064620847463,0.3930610525642899,0.8081343508005079,0.907365733906456
8.0,0.48548291504945895,0.4838576071030123,0.6478840254909783,0.6731367405256892
8.0,0.36206295155689794,0.378733752569049,0.7773028971420519,0.7946651348468288
8.0,0.37705550030787693,0.3820195860713925,0.672190512821985,0.7150747568209301
8.0,0.4258714253188194,0.42432223103360944,0.6318680304692594,0.6148004829404552
8.0,0.43777556559189335,0.4262779904220453,0.6255359804952635,0.6810965569870879
8.0,0.32560184279495197,0.3257203424759324,0.6290114314366828,0.6286490762538481
8.0,0.37012197373257627,0.3516117454027101,0.6527170492293316,0.6135416110152132
8.0,0.3367049080009813,0.32205089932087727,0.7694053551197401,0.7641605418714816
8.0,0.354317712033971,0.36931188015331395,0.8037120615970439,0.7396365569490088
8.0,0.43672589796763006,0.4437728120473762,0.6530666454143206,0.6101955961159868
8.0,0.3851480342940335,0.40932960461873835,0.7715750161272097,0.7553240016832632
8.0,0.37447448066856137,0.3993263108007463,0.7865148554826973,0.7319098532153285
8.0,0.46400684114858626,0.4435906961425999,0.6068158754734476,0.5646000674416372
8.0,0.4518215208252512,0.48564463766323507,0.7302488621085507,0.7201811064242245
8.0,0.423093259829014,0.4329973753271655,0.7429533149965764,0.6781678015404338
8.0,0.42935783775166386,0.4788650941178872,0.7285181051239007,0.7485077248502336
8.0,0.4929013862878865,0.5347720171635979,0.822548158826312,0.7778259229057601
8.0,0.43055860738611595,0.4526080697828827,0.7750444271376089,0.7387376015375804
8.0,0.4242209780696453,0.4467690229175235,0.7959237275296294,0.7366592398373146
8.0,0.4242209780696453,0.4467690229175235,0.7959237275296294,0.7366592398373146
8.0,0.4771024020306368,0.4587584019199119,0.49793873738533356,0.4607116689245421
8.0,0.40222092615238186,0.3710373168337495,0.48984767763693526,0.47027109913587817
8.0,0.36796028430463723,0.379848240455116,0.7513583582373429,0.6751200773561397
8.0,0.38686694945265343,0.4118958842448993,0.45142345440180615,0.471010805579398
8.0,0.40068461279584994,0.418242295288851,0.6507166017141878,0.6633379757816815
8.0,0.400963042553387,0.39314194815668585,0.535543372601536,0.5414682611794432
8.0,0.4656125219669365,0.4187232386680696,0.6163336717335668,0.6338890344001277
8.0,0.48389804509203493,0.4991219776752507,0.8166392139462866,0.7884179441471929
8.0,0.45980146449238357,0.43091107161543113,0.6243989480058233,0.6085876621439955
8.0,0.4651077103138227,0.43608853007927195,0.6293281329214833,0.6022409129581302
8.0,0.4560969543559208,0.4368246065088525,0.5658845302928535,0.5706619071214253
8.0,0.46061887798414086,0.3936280784303863,0.6497811534137057,0.558593243831867
8.0,0.5055550653577683,0.4731292334391055,0.606872903815074,0.629475053047658
8.0,0.34608153692184895,0.35276832251645196,0.8093787217280743,0.7618732869425106
8.0,0.3157983899214162,0.29060162346740226,0.45997539679874194,0.4132971981267416
8.0,0.45135371163964244,0.47288096410296127,0.7486303792646516,0.766364393234028
8.0,0.6289415628477197,0.5703971739390197,0.6326493050483386,0.584888297400918
9.0,0.49814761763890614,0.4832430012746206,0.5509450415740591,0.6124752730971824
9.0,0.47290965617776654,0.43659599372516794,0.5786113834519617,0.6312643088068783
9.0,0.5343729355696087,0.5395891223592464,0.6754569261260643,0.6737023308145348
9.0,0.3869657252261397,0.37160660999143835,0.6796966157633733,0.7150566057391503
9.0,0.43870240124357573,0.41522766713051606,0.6149659589720226,0.6369619733399321
9.0,0.5907631715502777,0.5154764437331403,0.5707630280590552,0.6427658360809931
9.0,0.4491332193492425,0.44447342061250644,0.5559210821500009,0.5635859904294943
9.0,0.4984764008407745,0.4343231210190568,0.5368052696252441,0.5430349090074605
9.0,0.5660645171861962,0.5282318287418711,0.6249051184162571,0.6275541387743825
9.0,0.4867832037331361,0.46199215286998235,0.6019842947522769,0.6495144688267177
9.0,0.4700255316045215,0.4541388554679353,0.613430272177679,0.6228866328188862
9.0,0.3810720155102899,0.36373563452257907,0.5747615550106615,0.5658511829091863
9.0,0.3170284223024481,0.3033644010187077,0.5586833377602773,0.5936865233691242
9.0,0.508876822223041,0.5070493888427126,0.778566070955576,0.7414612124520235
9.0,0.37435062770207606,0.3674758769649004,0.6264014250905144,0.6337142701282693
9.0,0.3487032261259442,0.3510384351776885,0.5630739731011596,0.5288625329174482
9.0,0.5923591266578149,0.5514274585745533,0.6580313750386482,0.6892035369782347
9.0,0.5966203392615107,0.548450938253735,0.6069562609181178,0.60041379136168
9.0,0.5767251994737487,0.5634292732274424,0.713065473303419,0.6979897053813926
9.0,0.5994775901741064,0.6108642139999252,0.6498601535620964,0.6508875164389449
9.0,0.5698380841635501,0.5062974102986825,0.5922118296742295,0.5677947661717823
9.0,0.5227825082228243,0.5163944102417588,0.5716137672412425,0.5495230387223062
9.0,0.565138725052079,0.5190030039386246,0.5562912877336578,0.5375842487020025
9.0,0.44348190057784853,0.382209180204052,0.42715299246877386,0.4646412036151899
9.0,0.5377910057055801,0.5179996682428821,0.5941720531534067,0.5950391433259349
9.0,0.5354918415964283,0.509828216566689,0.6317177169012467,0.6177101266361067
9.0,0.542260192815425,0.49420342724692656,0.5603060168474118,0.5806774847357165
9.0,0.5063318425958073,0.4821134437229496,0.6547732265442887,0.654734725535312
9.0,0.6104150679270384,0.5500971830113114,0.7195352431765945,0.712741416202203
9.0,0.512152452877352,0.4923599194163335,0.7002931154673936,0.6924232673837208
9.0,0.46416078812189854,0.4886884752809925,0.6958807749533434,0.614151197968847
9.0,0.49210652236913627,0.47038079502933783,0.527933876578561,0.5382496388489171
9.0,0.48709515485040256,0.45354101161948324,0.5724770124406094,0.5810811129179134
9.0,0.4395843072223574,0.39172818418520383,0.5201548479259572,0.5836776142790832
9.0,0.5954691179056768,0.5274439584706501,0.5993728318240711,0.6518769237708819
9.0,0.5350511164429965,0.5227535455123786,0.7597857355451432,0.7745352252227273
9.0,0.5964412910181207,0.5751995531369647,0.6408556597528213,0.6377100489825194
9.0,0.6091513811057019,0.5738272540816228,0.6289271384578571,0.6398345682944593
9.0,0.4821179428152872,0.4814766995487245,0.6319902385875648,0.6664402046344584
9.0,0.6276168781249336,0.6217950985962885,0.6505455990581055,0.6994446416102992
9.0,0.5013673629161999,0.48217630918340754,0.6404909766392968,0.6491889707217484
9.0,0.53041513260888,0.5054218639912011,0.6301274874335844,0.6073468791278875
9.0,0.5570532686367466,0.5514076575637386,0.626469487710286,0.6506851661743523
9.0,0.5512073147307449,0.5125283391872113,0.6209152020764852,0.6330196512094735
9.0,0.3974162321751685,0.40919200014256774,0.4358299388716759,0.42302597154703403
9.0,0.5681427279657614,0.49725298273075236,0.5667909964694653,0.5690798107743311
9.0,0.496226688792505,0.446935525836174,0.506814338550932,0.48636737910330086
9.0,0.5209251589655275,0.5107364162669514,0.7750381477377319,0.6912533531199232
9.0,0.42710312114999477,0.3933201986670535,0.5392767082475411,0.6051026439460866
9.0,0.5628780571758327,0.5798267379447667,0.6709135996470907,0.6248613895177693
9.0,0.5287715232230445,0.4767060568983717,0.6100785794350858,0.5833160600763685
9.0,0.46809566907939604,0.43504638793420175,0.5965669795660575,0.5683008837202981
9.0,0.3483099963807631,0.3618238276912531,0.5612302977097195,0.5570925468963391
9.0,0.5847563476020043,0.5239122539187541,0.642922929824562,0.6197583813378474
9.0,0.46959635565290164,0.43629385369509643,0.5349821432031652,0.5121712536990127
9.0,0.5739233777117968,0.5320871719893963,0.6217975070439646,0.6232371371420165
9.0,0.7085364295607129,0.6933667155590506,0.7610417280513231,0.7560051368534648
9.0,0.536750086599466,0.5316916529764217,0.5316076629003201,0.5932438993457282
9.0,0.4081294870076219,0.3833163128142542,0.4920157972794496,0.43883641117150995
9.0,0.5359950357632521,0.4800897371099648,0.5218001161520678,0.5046456918908586
9.0,0.5463050989513857,0.5357552926120442,0.5393517937643764,0.555669268300824
9.0,0.4041424043325714,0.37810446042437995,0.4586704108458678,0.4620766453340328
9.0,0.4074729041667817,0.3659165688101033,0.5774876505555459,0.42965363038813575
9.0,0.4278533732352879,0.3745685102610663,0.5835857849865929,0.5216557393436281
9.0,0.4787790907031774,0.44492127152983185,0.5598159865430352,0.5815108701083278
9.0,0.5441549902897166,0.5193813301084754,0.5635237710668264,0.6074535302998948
9.0,0.4862468050527483,0.4514537193436746,0.58388724142176,0.5392267618886609
9.0,0.4881530725675408,0.4682284599836273,0.5986628772150867,0.5888357696330868
9.0,0.5746696834597752,0.5290157304653567,0.5983572450056236,0.6235165177515289
9.0,0.3906179566425273,0.36629420132159685,0.5450071525015731,0.47799648892803115
9.0,0.5053207717291995,0.4650340440520757,0.5738604102495061,0.5178990808939691
9.0,0.5771841848189684,0.5764044872511872,0.6259263877784781,0.6730466140463511
9.0,0.5442965400269693,0.5143102921105702,0.5510410927652409,0.6161989377563265
9.0,0.6382639622159909,0.6005533335511128,0.6462784600316701,0.6297762160724721
9.0,0.5581256456201178,0.5347055213778688,0.6090098878095973,0.6816142303883356
9.0,0.4933323404623883,0.4661783308488689,0.6156460303620033,0.6330098499194099
9.0,0.4441228035349056,0.41607028759309506,0.5494634155772908,0.5844577457646262
9.0,0.6421353922883243,0.6117896128906515,0.7152333810350807,0.7329110000033503
9.0,0.45220126489590584,0.4407054627392216,0.5565905340175246,0.5928579613719056
9.0,0.48872147921173825,0.46211728633754334,0.5517903944507139,0.5218795936320073
9.0,0.5186752278106926,0.4710962790368355,0.5425027323853614,0.5384075525850223
9.0,0.4485642189667192,0.4059772624501432,0.4673863500128262,0.4976221208617201
9.0,0.5367028365096631,0.4952603991141135,0.5812243394367657,0.5260503236577595
9.0,0.5630156872276324,0.5144739366697453,0.5725098992578521,0.5368376623269278
9.0,0.46662415226562703,0.4145236109175414,0.5121581698902852,0.5134134638191171
9.0,0.4615012905888406,0.40013776965595643,0.49913536834145783,0.5100019548955379
9.0,0.5147181684180072,0.47878988403762557,0.5759787637515991,0.5761852795823604
9.0,0.6202060575230484,0.5730026708980289,0.5578512071736005,0.5579934855468378
9.0,0.5458141768617278,0.5172267497802957,0.5882336991329186,0.6135173945690037
9.0,0.4802858143434673,0.4366995283436928,0.518971530009775,0.5508165582773832
9.0,0.2752765607984599,0.2528025459837181,0.4310514126713151,0.4196640632625363
9.0,0.6766354992308213,0.6201446575345098,0.6411567750259202,0.6369408551333187
9.0,0.602127878156564,0.5677882287649862,0.6073107968283478,0.6106753205431397
9.0,0.5132973529141364,0.47540301024209003,0.49765004629630816,0.6035259977252487
9.0,0.593845339924021,0.5038624709185805,0.5967785191468686,0.6654960269685084
9.0,0.48457429099971727,0.43573516470342866,0.5132844518889809,0.6152107835903766
9.0,0.6902124635193793,0.5746069606558816,0.611345581317305,0.6008908815047624
9.0,0.6523452851321101,0.6096480236285786,0.6273942928760594,0.6616388029954854
9.0,0.4375296807687894,0.40964833202963113,0.6121387586093523,0.6600548892271051
9.0,0.5443487346167447,0.4686892257533152,0.529784934886374,0.6136500992430516
